{
  "CHANGELOG.md": "38b4f291b7c2ffe1f0f8318915b63cc8",
  "CONTRIBUTING.md": "b78f71c1104f00538d50ad2775f58e95",
  "Gemfile": "6c471e464dc74838c2b0c3ceb407eb95",
  "LICENSE": "3b83ef96387f14655fc854ddc3c6bd57",
  "NOTICE": "b2e552587e5969886fdd60481e8b0351",
  "README.markdown": "2a53725e800dca15cfb3648c6753109c",
  "README_DEVELOPER.markdown": "220a8b28521b5c5d2ea87c4ddb511165",
  "README_SPECS.markdown": "82bb4c6abbb711f40778b162ec0070c1",
  "RELEASE_PROCESS.markdown": "94b92bc99ac4106ba1a74d5c04e520f9",
  "Rakefile": "6db744f1deed7ae0746abe59e3d50863",
  "examples/file_line.pp": "48f7f162127beffea8f8e3e58db2355a",
  "examples/has_interface_with.pp": "d69d520cf3ff4d0b495480afaca359ef",
  "examples/has_ip_address.pp": "32f42575e49aa66f0f2398a70ae2a9f4",
  "examples/has_ip_network.pp": "bfb8db068c58d77c4dd7ae9697536537",
  "examples/init.pp": "b52fd907330ddbd9c3e070cf39f7b317",
  "lib/facter/facter_dot_d.rb": "d71e93183a680ac78bc0389fd50470a0",
  "lib/facter/package_provider.rb": "539766a71dfb2f65e94a7c91bf413fcf",
  "lib/facter/pe_version.rb": "60d47406026c8201e51394227ddf780d",
  "lib/facter/puppet_settings.rb": "9e128c61600a7237cb5ed1ff25025d13",
  "lib/facter/root_home.rb": "35702ae0c7410ec4d2101113e2f697fa",
  "lib/facter/service_provider.rb": "66cc42526eae631e306b397391f1f01c",
  "lib/facter/util/puppet_settings.rb": "9f1d2593d0ae56bfca89d4b9266aeee1",
  "lib/puppet/functions/deprecation.rb": "59b803eaa15b5a559040497bffc172ae",
  "lib/puppet/functions/is_a.rb": "9dad7f8c9b75348cd97aca986ac0b29a",
  "lib/puppet/functions/is_absolute_path.rb": "96b217f26d06dbac87a2c6a8cfd2d8c8",
  "lib/puppet/functions/is_array.rb": "9292a646010d167417a1936b0b0c17b9",
  "lib/puppet/functions/is_bool.rb": "73957f9efd75ed8a7ab867f9de6da117",
  "lib/puppet/functions/is_float.rb": "af3bd6bb56878bac8cc4fe4f7564e4f9",
  "lib/puppet/functions/is_ip_address.rb": "ee231c66c3e039778bf46702d89815a6",
  "lib/puppet/functions/is_ipv4_address.rb": "900d33249906c4daa02aa79cac896548",
  "lib/puppet/functions/is_ipv6_address.rb": "568fba9af6a83c8b536fafcda82eb448",
  "lib/puppet/functions/is_numeric.rb": "33051800b886cc3b2119826b77c9821a",
  "lib/puppet/functions/is_string.rb": "230e9eabc5c9e1d8d5fb7b3c6c12b300",
  "lib/puppet/functions/type_of.rb": "bec00841aae556993c926ab298bc81cd",
  "lib/puppet/functions/validate_absolute_path.rb": "54a610baa115c7505f1b35976b632a8e",
  "lib/puppet/functions/validate_array.rb": "9052b0026da174636c276a2512cf5acc",
  "lib/puppet/functions/validate_bool.rb": "fe979e402a5a3a19d013ce84b39ef06a",
  "lib/puppet/functions/validate_hash.rb": "92ea8fc21bbbf6cc41f6bb9cfcaefce7",
  "lib/puppet/functions/validate_integer.rb": "b0982b68a599262da2c6f2e032bc7713",
  "lib/puppet/functions/validate_ip_address.rb": "65a12af9a2c2a9c70d820d04d19ec891",
  "lib/puppet/functions/validate_ipv4_address.rb": "4a5039b99ac97cc0447faa343b9f7416",
  "lib/puppet/functions/validate_ipv6_address.rb": "fbdf685432416505fed27d5647c26f9c",
  "lib/puppet/functions/validate_legacy.rb": "d9f115f30c511cef536a821b94826094",
  "lib/puppet/functions/validate_numeric.rb": "41b2cc7335395f617c2bfbeac8f579da",
  "lib/puppet/functions/validate_re.rb": "42092f592ebf89b8a504b10c900230d8",
  "lib/puppet/functions/validate_slength.rb": "3ae6fcc3f60032c923d06ab3e457b84e",
  "lib/puppet/functions/validate_string.rb": "cc967a9d0ea156b2208d1760d7f6e1b2",
  "lib/puppet/parser/functions/abs.rb": "32161bd0435fdfc2aec2fc559d2b454b",
  "lib/puppet/parser/functions/any2array.rb": "a81e71d6b67a551d38770ba9a1948a75",
  "lib/puppet/parser/functions/any2bool.rb": "b5badfb4f9300d556b5b561d4ce599c5",
  "lib/puppet/parser/functions/assert_private.rb": "1365284f9e474ecec24cfe43ee8e7cf4",
  "lib/puppet/parser/functions/base64.rb": "ac8d0565df2931470447effa502c9ad3",
  "lib/puppet/parser/functions/basename.rb": "c61952b3f68fd86408c84fca2c3febb1",
  "lib/puppet/parser/functions/bool2num.rb": "f953f5fc094c2ae3908a72d8840ba291",
  "lib/puppet/parser/functions/bool2str.rb": "6334ac6d24a8aa49a2243fb425f47311",
  "lib/puppet/parser/functions/camelcase.rb": "71c67b71eac4b7f46a0dd22cb915d2e6",
  "lib/puppet/parser/functions/capitalize.rb": "da131748a9d32da9eb0b6438e39377eb",
  "lib/puppet/parser/functions/ceiling.rb": "dfa9b1c75ce89344026b3b5aed2d190f",
  "lib/puppet/parser/functions/chomp.rb": "2b7dc42f9967edd34cfa0ba9a97229ca",
  "lib/puppet/parser/functions/chop.rb": "0ec76f54afd94201f35785dfeb2092b5",
  "lib/puppet/parser/functions/clamp.rb": "d19b8dfc573ed2eff7e3536ae1e5d596",
  "lib/puppet/parser/functions/concat.rb": "a1b0233e58f1f8095a74fe9300c74a9b",
  "lib/puppet/parser/functions/convert_base.rb": "c3b3e59a49318af98dcb88aed7156629",
  "lib/puppet/parser/functions/count.rb": "9eb74eccd93e2b3c87fd5ea14e329eba",
  "lib/puppet/parser/functions/deep_merge.rb": "d83696855578fb81b64b9e92b9c7cc7c",
  "lib/puppet/parser/functions/defined_with_params.rb": "80eed5cedb1b5134e6a1cf44e86ae60a",
  "lib/puppet/parser/functions/delete.rb": "873d8244e7ecf7b2e56a46c2b3e09b4e",
  "lib/puppet/parser/functions/delete_at.rb": "6bc24b79390d463d8be95396c963381a",
  "lib/puppet/parser/functions/delete_regex.rb": "2fd4485e2526510dfde0a6687e23ee6e",
  "lib/puppet/parser/functions/delete_undef_values.rb": "b32d4a3925753b2eb2c318cbd7f14404",
  "lib/puppet/parser/functions/delete_values.rb": "39b147f7d369bb5f809044b6341954a2",
  "lib/puppet/parser/functions/deprecation.rb": "c9c5dc3f48fdb7e20d02c18d0599f697",
  "lib/puppet/parser/functions/difference.rb": "e31b95fbaf974cf853a510177368bfb9",
  "lib/puppet/parser/functions/dig.rb": "1a2a8918f646c13dcb9876a22f9295ab",
  "lib/puppet/parser/functions/dig44.rb": "8f4255bd98fe6a558cdb43a851e58ad3",
  "lib/puppet/parser/functions/dirname.rb": "8a5579f9a9a13fd737ba65eccf8e6d5a",
  "lib/puppet/parser/functions/dos2unix.rb": "be8359a5106a7832be4180e8207dd586",
  "lib/puppet/parser/functions/downcase.rb": "73121616d73339cf8dd10e0de61a6c50",
  "lib/puppet/parser/functions/empty.rb": "b4ad0c3c00cbc56f745fbc05af1efa00",
  "lib/puppet/parser/functions/enclose_ipv6.rb": "581bc163291824909d1700909db96512",
  "lib/puppet/parser/functions/ensure_packages.rb": "81a8edbd7b6f85fc90e458568184c356",
  "lib/puppet/parser/functions/ensure_resource.rb": "de703fe63392b939fc2b4392975263de",
  "lib/puppet/parser/functions/ensure_resources.rb": "c92d8b69d6354eda24aa3a13d88177b2",
  "lib/puppet/parser/functions/flatten.rb": "25777b76f9719162a8bab640e5595b7a",
  "lib/puppet/parser/functions/floor.rb": "42cad4c689231a51526c55a6f0985d1f",
  "lib/puppet/parser/functions/fqdn_rand_string.rb": "9ac5f18e563094aee62ef7586267025d",
  "lib/puppet/parser/functions/fqdn_rotate.rb": "770d510a2e50d19b2dd42b6edef3fb1f",
  "lib/puppet/parser/functions/get_module_path.rb": "d4bf50da25c0b98d26b75354fa1bcc45",
  "lib/puppet/parser/functions/getparam.rb": "440a9c381b9ad589504e2e9919e83c06",
  "lib/puppet/parser/functions/getvar.rb": "0c8c5cef7e158e232a8cf6e42c10d0ff",
  "lib/puppet/parser/functions/grep.rb": "5682995af458b05f3b53dd794c4bf896",
  "lib/puppet/parser/functions/has_interface_with.rb": "e135f09dbecc038c3aa9ae03127617ef",
  "lib/puppet/parser/functions/has_ip_address.rb": "ee207f47906455a5aa49c4fb219dd325",
  "lib/puppet/parser/functions/has_ip_network.rb": "b4d726c8b2a0afac81ced8a3a28aa731",
  "lib/puppet/parser/functions/has_key.rb": "7cd9728c38f0b0065f832dabd62b0e7e",
  "lib/puppet/parser/functions/hash.rb": "784f8d2d114eb4c9414ebd8a6868f82f",
  "lib/puppet/parser/functions/intersection.rb": "c8f4f8b861c9c297c87b08bdbfb94caa",
  "lib/puppet/parser/functions/is_absolute_path.rb": "1ce9a6d1cd0a79087d73cb879ed04542",
  "lib/puppet/parser/functions/is_array.rb": "343cdcafdb6d353773f14e6d8864d915",
  "lib/puppet/parser/functions/is_bool.rb": "92589666ef0b0cccafb2c80bb786b3ff",
  "lib/puppet/parser/functions/is_domain_name.rb": "6ca1f2708add756a6803b29d593d5830",
  "lib/puppet/parser/functions/is_email_address.rb": "82573a431edf5a0bf9847393af27566a",
  "lib/puppet/parser/functions/is_float.rb": "363e152a18e18997be12ab61b56c3160",
  "lib/puppet/parser/functions/is_function_available.rb": "628428bbcd9313ce09783d9484330e09",
  "lib/puppet/parser/functions/is_hash.rb": "8c7d9a05084dab0389d1b779c8a05b1a",
  "lib/puppet/parser/functions/is_integer.rb": "c5f4aeb52da82e1d87f36b4b34349767",
  "lib/puppet/parser/functions/is_ip_address.rb": "87316b88db72b2359351c7ab4426cdb4",
  "lib/puppet/parser/functions/is_ipv4_address.rb": "0e2862f6280bff0f4c189b9f5f37a420",
  "lib/puppet/parser/functions/is_ipv6_address.rb": "066706256a142573a96afb4615fe99a6",
  "lib/puppet/parser/functions/is_mac_address.rb": "6dd3c96437d49e68630869b0b464e7f2",
  "lib/puppet/parser/functions/is_numeric.rb": "72d25c5f9daae0220d64636efc6977b6",
  "lib/puppet/parser/functions/is_string.rb": "028bac4d729e7b9990fbd5afb8cbc21b",
  "lib/puppet/parser/functions/join.rb": "a285a05c015ae278608f6454aef211ea",
  "lib/puppet/parser/functions/join_keys_to_values.rb": "c17ad05bca6eb1a409d355f3f7637115",
  "lib/puppet/parser/functions/keys.rb": "eb6ac815ea14fbf423580ed903ef7bad",
  "lib/puppet/parser/functions/load_module_metadata.rb": "805c5476a6e7083d133e167129885924",
  "lib/puppet/parser/functions/loadjson.rb": "ffecf61ba2ec8011915d37009b1a273e",
  "lib/puppet/parser/functions/loadyaml.rb": "668265f14327cba1d1400f2078b7b26b",
  "lib/puppet/parser/functions/lstrip.rb": "20a9b1fa077c16f34e0ef5448b895698",
  "lib/puppet/parser/functions/max.rb": "f652fd0b46ef7d2fbdb42b141f8fdd1d",
  "lib/puppet/parser/functions/member.rb": "2b5d7fb8f87f1c7d195933c57ca32e91",
  "lib/puppet/parser/functions/merge.rb": "f3dcc5c83440cdda2036cce69b61a14b",
  "lib/puppet/parser/functions/min.rb": "0d2a1b7e735ab251c5469e735fa3f4c6",
  "lib/puppet/parser/functions/num2bool.rb": "605c12fa518c87ed2c66ae153e0686ce",
  "lib/puppet/parser/functions/parsejson.rb": "15165fd3807d9f3d657697fa854d643d",
  "lib/puppet/parser/functions/parseyaml.rb": "db54578d9d798ced75952217cf11b737",
  "lib/puppet/parser/functions/pick.rb": "bf01f13bbfe2318e7f6a302ac7c4433f",
  "lib/puppet/parser/functions/pick_default.rb": "ad3ea60262de408767786d37a54d45dc",
  "lib/puppet/parser/functions/prefix.rb": "e377fd64bd63dde6c9660aa75aca4942",
  "lib/puppet/parser/functions/private.rb": "1500a21d5cf19961c5b1d476df892d92",
  "lib/puppet/parser/functions/pw_hash.rb": "d82221f667050026cd6d155432a31802",
  "lib/puppet/parser/functions/range.rb": "2203172c91cc324e85433618597be3be",
  "lib/puppet/parser/functions/regexpescape.rb": "f9cfb10f6acd1e318bf60bb7f561bde3",
  "lib/puppet/parser/functions/reject.rb": "689f6a7c961a55fe9dcd240921f4c7f9",
  "lib/puppet/parser/functions/reverse.rb": "b234b54b8cd62b2d67ccd70489ffdccf",
  "lib/puppet/parser/functions/rstrip.rb": "b4e4ada41f7c1d2fcad073ce6344980f",
  "lib/puppet/parser/functions/seeded_rand.rb": "2ad22e7613d894ae779c0c5b0e65dade",
  "lib/puppet/parser/functions/shell_escape.rb": "b9298edaf48883d7b7d2dd8c76c25d2f",
  "lib/puppet/parser/functions/shell_join.rb": "60817e59ed6eda2cc536d15c88d0d280",
  "lib/puppet/parser/functions/shell_split.rb": "ed608feaf0f1c36a54a3a9459384d414",
  "lib/puppet/parser/functions/shuffle.rb": "d50f72b0aeb921e64d2482f62488e2f3",
  "lib/puppet/parser/functions/size.rb": "ab3b5b8cf2369d76969a7cb2564e018f",
  "lib/puppet/parser/functions/sort.rb": "504b033b438461ca4f9764feeb017833",
  "lib/puppet/parser/functions/squeeze.rb": "541f85b4203b55c9931d3d6ecd5c75f8",
  "lib/puppet/parser/functions/str2bool.rb": "44b411fa76cd6713e37354280b102587",
  "lib/puppet/parser/functions/str2saltedsha512.rb": "49afad7b386be38ce53deaefef326e85",
  "lib/puppet/parser/functions/strftime.rb": "e02e01a598ca5d7d6eee0ba22440304a",
  "lib/puppet/parser/functions/strip.rb": "85d70ab95492e3e4ca5f0b5ec3f284a9",
  "lib/puppet/parser/functions/suffix.rb": "082519722ed6f237dd3a9a7e316ab2e4",
  "lib/puppet/parser/functions/swapcase.rb": "b17a9f3cb0271451d309e4b4f52dd651",
  "lib/puppet/parser/functions/time.rb": "8cb0b8320c60b4a21725634154a9f1db",
  "lib/puppet/parser/functions/to_bytes.rb": "65437027687b6172173b3a211a799e37",
  "lib/puppet/parser/functions/try_get_value.rb": "09cd079ec5f0e5e2ac862c9ebe0f54fe",
  "lib/puppet/parser/functions/type.rb": "4709f7ab8a8aad62d77a3c5d91a3aa08",
  "lib/puppet/parser/functions/type3x.rb": "f9bf4de8341afb0c677c26b40ec8a2b2",
  "lib/puppet/parser/functions/union.rb": "3cf57ea53f2522f586264feb67293cd6",
  "lib/puppet/parser/functions/unique.rb": "c1bb4a8aeebd09ba3e4c8bc3702cfd60",
  "lib/puppet/parser/functions/unix2dos.rb": "b1f5087fcaca69d9395094204cce887a",
  "lib/puppet/parser/functions/upcase.rb": "8decededec9eb33e58f961eb86f0888f",
  "lib/puppet/parser/functions/uriescape.rb": "d912ba09ba3f58c70988e662e05ffbe8",
  "lib/puppet/parser/functions/validate_absolute_path.rb": "c4b12e101055380386a235cd2c92ad10",
  "lib/puppet/parser/functions/validate_array.rb": "bee8327014714d4cd8dbb5c46611f594",
  "lib/puppet/parser/functions/validate_augeas.rb": "61e828e7759ba3e1e563e1fdd68aa80f",
  "lib/puppet/parser/functions/validate_bool.rb": "971700229c4b581f67f6fadc9019eb2c",
  "lib/puppet/parser/functions/validate_cmd.rb": "7df12370db442eddddcf4dd7a5364b5e",
  "lib/puppet/parser/functions/validate_email_address.rb": "a72656cbfeda622cdd5cfdafdf464095",
  "lib/puppet/parser/functions/validate_hash.rb": "c2ae6299148ea200f8dfcf9204875182",
  "lib/puppet/parser/functions/validate_integer.rb": "65aa35f7450794aaadb6ad2c2e114df7",
  "lib/puppet/parser/functions/validate_ip_address.rb": "b23c3d5ce6839e32d0186411147a6a44",
  "lib/puppet/parser/functions/validate_ipv4_address.rb": "593e8f832469cb6a48c5f16ee66c3b2d",
  "lib/puppet/parser/functions/validate_ipv6_address.rb": "48d3733012818993eae662839183d139",
  "lib/puppet/parser/functions/validate_numeric.rb": "0e36d370262b8bdef2f88f0a3cb5b30e",
  "lib/puppet/parser/functions/validate_re.rb": "d5963c404e3ac1670553f306221c2655",
  "lib/puppet/parser/functions/validate_slength.rb": "6cbcfe15378ca4a780bac786223aacac",
  "lib/puppet/parser/functions/validate_string.rb": "8afa7b0dcfe17bfbbb5704ad54664cc2",
  "lib/puppet/parser/functions/validate_x509_rsa_key_pair.rb": "f17427dfc42128dc1df0ab04f37942e5",
  "lib/puppet/parser/functions/values.rb": "066a6e4170e5034edb9a80463dff2bb5",
  "lib/puppet/parser/functions/values_at.rb": "325a899e0201e8df5bd483fec6f12d76",
  "lib/puppet/parser/functions/zip.rb": "a89d5e802bc1e63e52020c2ddbaaca2c",
  "lib/puppet/provider/file_line/ruby.rb": "b3d2d66ac39c43a1e7a8dd6b78952d65",
  "lib/puppet/type/anchor.rb": "bbd36bb49c3b554f8602d8d3df366c0c",
  "lib/puppet/type/file_line.rb": "34bfa8c554faea5e9ae1a6c519824de1",
  "manifests/init.pp": "9560a09f657d7eebbfdb920cefcc1d4f",
  "manifests/stages.pp": "72eb4fa624474faf23b39e57cf1590bd",
  "metadata.json": "2f25037b6883546d5c203aa6e9b13f8b",
  "spec/acceptance/abs_spec.rb": "538db8d037db814b455a6d741e91bb8d",
  "spec/acceptance/anchor_spec.rb": "3a366ecab2fda6c20acd70eeb57c5080",
  "spec/acceptance/any2array_spec.rb": "de86ead0205acbb3eca3a8a4792bdac8",
  "spec/acceptance/base64_spec.rb": "1684d5dd176dd5bbd4c3c6b1e64fbcea",
  "spec/acceptance/bool2num_spec.rb": "bf53ceac40d0a67551c618b11809f3f8",
  "spec/acceptance/build_csv.rb": "f28ef587de764ade1513091c4906412c",
  "spec/acceptance/capitalize_spec.rb": "e77ea2c37144a75a67969c0d0839adfd",
  "spec/acceptance/ceiling_spec.rb": "b2718dc74a39399e342ef96fe0d00fdc",
  "spec/acceptance/chomp_spec.rb": "fb0862a6b7eeb3c290e280788e705061",
  "spec/acceptance/chop_spec.rb": "4e7ab2d3a441b88b667a0d8ea5b174c1",
  "spec/acceptance/clamp_spec.rb": "7513fd2a6701206b4673f40728eae835",
  "spec/acceptance/concat_spec.rb": "73ce39ffec7184d8ed5f0b5656ed9557",
  "spec/acceptance/count_spec.rb": "d82cfcad2461b16872455d6347a8b114",
  "spec/acceptance/deep_merge_spec.rb": "c335a947f1666e185e0210e661f1c78a",
  "spec/acceptance/defined_with_params_spec.rb": "f27c54ade9872c63c69316f62b03c119",
  "spec/acceptance/delete_at_spec.rb": "9c028b703ee0286565c9877757678f3f",
  "spec/acceptance/delete_spec.rb": "31e6dfcb9cc7c16b20d47c00e6a85a1d",
  "spec/acceptance/delete_undef_values_spec.rb": "6e6a66aee0c383c843b5f92ef8c8410c",
  "spec/acceptance/delete_values_spec.rb": "22c9b4914d4cbc0153aa3862cb4fb50e",
  "spec/acceptance/deprecation_spec.rb": "cadc56a94cbc2f13965d698f581f582d",
  "spec/acceptance/difference_spec.rb": "289f4f1788feaacb304ffd54971c7e7e",
  "spec/acceptance/dirname_spec.rb": "84db53878c4400a6c684c924cff05cfc",
  "spec/acceptance/downcase_spec.rb": "0f094849b94a94df491ee01186473104",
  "spec/acceptance/empty_spec.rb": "e5094267eb1eae007addc5e76b6d43d1",
  "spec/acceptance/ensure_resource_spec.rb": "c0193d79f1db1985d313bedb93a4c7ae",
  "spec/acceptance/flatten_spec.rb": "83fb08cc168a105c1d5d0df66b1d9e84",
  "spec/acceptance/floor_spec.rb": "d7267b2914b1da6406224abb7489ca86",
  "spec/acceptance/fqdn_rand_string_spec.rb": "45982bd0062e3ffe2dbdd5ef0359d869",
  "spec/acceptance/fqdn_rotate_spec.rb": "b00226e2ae28acf4ffea8a96b6e64f01",
  "spec/acceptance/get_module_path_spec.rb": "2658cdcd1abd4b7d20f53c4aced3c72a",
  "spec/acceptance/getparam_spec.rb": "4d32dc5a0ee34d045242c36d77a3b482",
  "spec/acceptance/getvar_spec.rb": "ba2f081a88be97c0e7004a6296294f23",
  "spec/acceptance/grep_spec.rb": "98818b8b0557b80d6ff519f70ea7617c",
  "spec/acceptance/has_interface_with_spec.rb": "30e27096050c43b7efdb5e6c0d54f53b",
  "spec/acceptance/has_ip_address_spec.rb": "2812117ec4b88556039e8488d53c0cb0",
  "spec/acceptance/has_ip_network_spec.rb": "ca75b43ff1256ead9052f2db7620db99",
  "spec/acceptance/has_key_spec.rb": "6509a26a0886f7d591eaa926b2f92407",
  "spec/acceptance/hash_spec.rb": "1c626457ba056bdd3936e28aa5bf503e",
  "spec/acceptance/intersection_spec.rb": "40f586af7f95408a5d4a2882a4aa98f1",
  "spec/acceptance/is_a_spec.rb": "03e612e76d9004ec625d9e30bb17af04",
  "spec/acceptance/is_array_spec.rb": "c2ff70ce59b90b50a5aed67abaa5399d",
  "spec/acceptance/is_bool_spec.rb": "c001fdecff6b0a3c9dc78774987a0b15",
  "spec/acceptance/is_domain_name_spec.rb": "63e84285c26d8717fd5d4dda01e3f432",
  "spec/acceptance/is_float_spec.rb": "2f0164b4d732166aa46055a2cf7b4ea9",
  "spec/acceptance/is_function_available_spec.rb": "7745eba89f8719c9ca7ebf04d5b005f7",
  "spec/acceptance/is_hash_spec.rb": "cff723cd8fddac45033af5dc8406d4e4",
  "spec/acceptance/is_integer_spec.rb": "c09201d17d3914bba197872897fa3413",
  "spec/acceptance/is_ip_address_spec.rb": "aa14cf9abf404c3fe1e761ea957871fe",
  "spec/acceptance/is_ipv4_address_spec.rb": "b787114912487987801bc68d7cb15142",
  "spec/acceptance/is_ipv6_address_spec.rb": "c99785448a72f9a2cfa7cd52a392b5e7",
  "spec/acceptance/is_mac_address_spec.rb": "30ff4c6a63be58daa3568305617ca2a7",
  "spec/acceptance/is_numeric_spec.rb": "fb9829c7a1a8d4a58836df6ff4c3386d",
  "spec/acceptance/is_string_spec.rb": "44ab2578c584fad71d33239511704977",
  "spec/acceptance/join_keys_to_values_spec.rb": "8aa128bbaeea65aab8d92badee3ca2b5",
  "spec/acceptance/join_spec.rb": "c6378ed481265152bba9871fc5501ee6",
  "spec/acceptance/keys_spec.rb": "20486e3ebee53e50dc9de3b78b9d6ae6",
  "spec/acceptance/loadjson_spec.rb": "ac93a6a2379ef44b9639a20010fe1527",
  "spec/acceptance/loadyaml_spec.rb": "570544f9e813ac7e28fedf8e1c37e411",
  "spec/acceptance/lstrip_spec.rb": "e29ab4039b65660ec2bd76a298adcae0",
  "spec/acceptance/max_spec.rb": "209cda4b83d677743afb1a8870330618",
  "spec/acceptance/member_spec.rb": "d6088a4fa6321791a3067d9b9cf8914a",
  "spec/acceptance/merge_spec.rb": "5f168188fa0d6b31ba5b3dac49fb609c",
  "spec/acceptance/min_spec.rb": "152a7db28434a0d0378561d4f64cddcc",
  "spec/acceptance/nodesets/centos-7-x64.yml": "a713f3abd3657f0ae2878829badd23cd",
  "spec/acceptance/nodesets/debian-8-x64.yml": "d2d2977900989f30086ad251a14a1f39",
  "spec/acceptance/nodesets/default.yml": "b42da5a1ea0c964567ba7495574b8808",
  "spec/acceptance/nodesets/docker/centos-7.yml": "8a3892807bdd62306ae4774f41ba11ae",
  "spec/acceptance/nodesets/docker/debian-8.yml": "ac8e871d1068c96de5e85a89daaec6df",
  "spec/acceptance/nodesets/docker/ubuntu-14.04.yml": "dc42ee922a96908d85b8f0f08203ce58",
  "spec/acceptance/num2bool_spec.rb": "e4a00b913b08c68a689837e9f9336cb2",
  "spec/acceptance/parsejson_spec.rb": "5753b9dd66e4fd464c132b39487b922c",
  "spec/acceptance/parseyaml_spec.rb": "991f6f7b729812535155643c11846bcb",
  "spec/acceptance/pick_default_spec.rb": "1bc2562380ef6f6cded5ec90a03922be",
  "spec/acceptance/pick_spec.rb": "272c54c8f9398f499768331bdb4276ee",
  "spec/acceptance/prefix_spec.rb": "da620568c6771e7d492ec1ff697c531c",
  "spec/acceptance/pw_hash_spec.rb": "721fe0da04d798a353799fd651bcd0fc",
  "spec/acceptance/range_spec.rb": "65e5b98ceca257658604d988fbec7d03",
  "spec/acceptance/reject_spec.rb": "b5185f1a6071c9bdc7aca92e6f899c3e",
  "spec/acceptance/reverse_spec.rb": "7bdee543e82532e97bbf7a067140031c",
  "spec/acceptance/rstrip_spec.rb": "28a64ceb7cb5ae8a93d31f49816190ab",
  "spec/acceptance/shuffle_spec.rb": "8a8652e57d56f2b4946cdf4d20052b7a",
  "spec/acceptance/size_spec.rb": "ae17d8a55921a0570972200c7c9327e1",
  "spec/acceptance/sort_spec.rb": "d44b1b8c090f0f00a2f38515fda431ea",
  "spec/acceptance/squeeze_spec.rb": "adcd65fa4e72203b97f1f14c8835c2cd",
  "spec/acceptance/str2bool_spec.rb": "55ad165ceef6b9ba32bf20ca3b53b44c",
  "spec/acceptance/str2saltedsha512_spec.rb": "b684c4214d06ae3d5bae055262a5ccaa",
  "spec/acceptance/strftime_spec.rb": "0f4eadbd74445b35de4a42c9790fbcc1",
  "spec/acceptance/strip_spec.rb": "6767da5bc735beb5362aeee6ff692c9e",
  "spec/acceptance/suffix_spec.rb": "07dfc7eed48b75fcc1b93d0308243eda",
  "spec/acceptance/swapcase_spec.rb": "5c3c1bc19a09fed6e01881f79b0b4ea5",
  "spec/acceptance/time_spec.rb": "044b2f634a1fa6ecc735998d68a93b73",
  "spec/acceptance/to_bytes_spec.rb": "f9df1f234b9409f5eaf56ef24e651c36",
  "spec/acceptance/try_get_value_spec.rb": "db7c47f372f9d9725987ebe13e6039eb",
  "spec/acceptance/type_spec.rb": "4297e038a8ff7e6ecb859b8b68c7b3a6",
  "spec/acceptance/union_spec.rb": "f24e166bc838c9c8cbd75ad3f8f9d15b",
  "spec/acceptance/unique_spec.rb": "9b00b21cefde3b5391f50eeb9cd2493b",
  "spec/acceptance/unsupported_spec.rb": "09b9265ecb05252cd5e5a18327c7ae97",
  "spec/acceptance/upcase_spec.rb": "ffd1d6f9e6ec24131fb78983c53a75f9",
  "spec/acceptance/uriescape_spec.rb": "13daa387714cbfc63b587aaa8dbf7fcd",
  "spec/acceptance/validate_absolute_path_spec.rb": "8b9ebfae80329231d84fcab606a3eeaf",
  "spec/acceptance/validate_array_spec.rb": "31f322a0dd69c6b99b0ca896aa4234c3",
  "spec/acceptance/validate_augeas_spec.rb": "c26b8ca2184a9dd87033a0c6f0553093",
  "spec/acceptance/validate_bool_spec.rb": "93d0258e9970275540859f60f1fce145",
  "spec/acceptance/validate_cmd_spec.rb": "e9260c49d880e4de54f77bf4fd70cff4",
  "spec/acceptance/validate_hash_spec.rb": "3e9b403da499187428922411fb7524e4",
  "spec/acceptance/validate_ipv4_address_spec.rb": "dc901bbd05c3764a93cb49154cea6e4b",
  "spec/acceptance/validate_ipv6_address_spec.rb": "c0872c56230ac2800cd5723eaa5bc53a",
  "spec/acceptance/validate_re_spec.rb": "b289909078d6ae0d015419f518566698",
  "spec/acceptance/validate_slength_spec.rb": "f0a05c1c2b895b096cb7326df4821594",
  "spec/acceptance/validate_string_spec.rb": "0206e4a553f1cafd86579e370fc2d767",
  "spec/acceptance/values_at_spec.rb": "669b26c4d47742051472003518c3aa61",
  "spec/acceptance/values_spec.rb": "9681223bb1bd755c28946ef0bcd6ece9",
  "spec/acceptance/zip_spec.rb": "86d1b555745ee873da68c71f1e46ed21",
  "spec/aliases/absolute_path_spec.rb": "b5900a689c3e208fa4a1c952ae6fe9a3",
  "spec/aliases/absolutepath_spec.rb": "65edf0610bad8ceb83b4cf10e7080692",
  "spec/aliases/array_spec.rb": "afc957900cb7fcdfd97000c94efad22f",
  "spec/aliases/bool_spec.rb": "3fd6b08c7ef1edd00b7e494b84298e2b",
  "spec/aliases/float_spec.rb": "7abb4672d6c4bd2158e738daf5ae5b54",
  "spec/aliases/httpsurl_spec.rb": "57cbff144a0ecd61ce1ce2f5a33b42f5",
  "spec/aliases/httpurl_spec.rb": "d5a11112c8db6da609061ef37e758ba8",
  "spec/aliases/integer_spec.rb": "5dd01ec9cbcc2fe9e5a89aab49b473c7",
  "spec/aliases/ip_address.rb": "57d5b1fdd5e4d626512cc164ddb455a6",
  "spec/aliases/ipv4_spec.rb": "734711450cbc20ff4991bf48d110fbbb",
  "spec/aliases/ipv6_spec.rb": "9300d1b25cc8730023ca09ab8e5aafc8",
  "spec/aliases/numeric_spec.rb": "39d0d7581f71b40d94fc12a49ef895ea",
  "spec/aliases/string_spec.rb": "1e3062f3030de5896efce54ec648ee8f",
  "spec/aliases/unixpath_spec.rb": "4ebd927dc0f4b464a7e985fb68260794",
  "spec/aliases/windowspath_spec.rb": "0423b4daf8b18170b7687345f2b010c8",
  "spec/fixtures/dscacheutil/root": "e1a7622f55f3d1be258c9a5b16b474be",
  "spec/fixtures/lsuser/root": "2ed657fa157372a81634539bb1a56be8",
  "spec/fixtures/test/manifests/absolute_path.pp": "79e9da69f05adc0e1ed41c20bf14e95f",
  "spec/fixtures/test/manifests/absolutepath.pp": "8561fa141028cd38d0b8409cd69a1372",
  "spec/fixtures/test/manifests/array.pp": "0e1d4146a9b2dd56063b2cab6f3d7571",
  "spec/fixtures/test/manifests/bool.pp": "cf75826f36025bd73ff7f479acf7196d",
  "spec/fixtures/test/manifests/float.pp": "132f9a63e60bba2fba68be83208c2e28",
  "spec/fixtures/test/manifests/httpsurl.pp": "9047fc382d215ae55c065b0798a82a2d",
  "spec/fixtures/test/manifests/httpurl.pp": "7165bf5607a4808f3da3f9baca911240",
  "spec/fixtures/test/manifests/integer.pp": "3cb3807714ddcde25cd8eeca61581e3b",
  "spec/fixtures/test/manifests/ip_address.pp": "78deea27fe1ff9e85c360eced4d2c256",
  "spec/fixtures/test/manifests/ipv4.pp": "b4f0dfe6ae06d4f8b284d24e55f6a6a2",
  "spec/fixtures/test/manifests/ipv6.pp": "4764f683b6013556e20d8669b21b5bdc",
  "spec/fixtures/test/manifests/numeric.pp": "bffd26d7c0bb53628369f42c14b342cb",
  "spec/fixtures/test/manifests/string.pp": "27b69c1eb36250bfbd474a0ef9ba847b",
  "spec/fixtures/test/manifests/unixpath.pp": "fd062024efdf731e19026901d3fcc075",
  "spec/fixtures/test/manifests/windowspath.pp": "7f942ec8f883a3ac0fcaf960ea24b7d8",
  "spec/functions/abs_spec.rb": "7c0ebbd787b788d32b9bb21fe9061a2f",
  "spec/functions/any2array_spec.rb": "c5990164adbaaf4f6536df4022309176",
  "spec/functions/any2bool_spec.rb": "d090dde9be26601a38980e8f77fa5970",
  "spec/functions/assert_private_spec.rb": "a7e79ac7a1b28610a0e57e38e913c9fa",
  "spec/functions/base64_spec.rb": "fa279d9a4f3060ee3f467e35b050d528",
  "spec/functions/basename_spec.rb": "84a6567266725376d7ab518ab7dc5fe8",
  "spec/functions/bool2num_spec.rb": "6609136ff067b90d41cf27bf8838c3ea",
  "spec/functions/bool2str_spec.rb": "52560617234393f960aedb496b49a628",
  "spec/functions/camelcase_spec.rb": "4a13d3323535291fef3f40a96710acdb",
  "spec/functions/capitalize_spec.rb": "31a8d497b274653d5ede70a0187d4053",
  "spec/functions/ceiling_spec.rb": "47bd74569f8979d9195df06a863de93b",
  "spec/functions/chomp_spec.rb": "6749a0b358b34e73843e1a284cead44a",
  "spec/functions/chop_spec.rb": "6e33e61f50459191387c87e474d3d127",
  "spec/functions/clamp_spec.rb": "65dab1e9aceb2cb4e41ef9c0c65a7ba3",
  "spec/functions/concat_spec.rb": "d217a63169e819e1ae2445083c248aa6",
  "spec/functions/convert_base_spec.rb": "f031e84b18cb010bc6233be3e4bcff83",
  "spec/functions/count_spec.rb": "d91a084665ecd902586d26c99d45beed",
  "spec/functions/deep_merge_spec.rb": "d70a71c7e9363c75224fffd40fc5efdd",
  "spec/functions/defined_with_params_spec.rb": "4d8d3768456bfbf620a07a555c402518",
  "spec/functions/delete_at_spec.rb": "a5443ac5879992af9c4470e59f0355cf",
  "spec/functions/delete_regex_spec.rb": "c049a3926aded4b6a804f1c824c57d2f",
  "spec/functions/delete_spec.rb": "c257307c4e4be222a82c9e0d82ced241",
  "spec/functions/delete_undef_values_spec.rb": "6bee6b89a507130a009a9e8b5ef3e130",
  "spec/functions/delete_values_spec.rb": "0d2d17c0cacd7f3871ea7ab2f5b96d93",
  "spec/functions/deprecation_spec.rb": "6a985ff7f51090ddcd214f26dca9a727",
  "spec/functions/difference_spec.rb": "2caaab5edb42ddc426e65348b12ebcc3",
  "spec/functions/dig44_spec.rb": "420e2f5ee9eaeccb14c6826c4cd4d903",
  "spec/functions/dig_spec.rb": "61708160da38852c3c78bc8563e0fcb2",
  "spec/functions/dirname_spec.rb": "5c905655d551b1956b6c9eda4ee96569",
  "spec/functions/dos2unix_spec.rb": "95c13597be9e67e79e69ed0e6c3d325a",
  "spec/functions/downcase_spec.rb": "e2c24d41c6fb840f7b66c5205c942780",
  "spec/functions/empty_spec.rb": "e6d06c193869ce8c97d3e67d5c5c5b4f",
  "spec/functions/ensure_packages_spec.rb": "76e89bf81ae98e52d2a07263c0e8d4f4",
  "spec/functions/ensure_resource_spec.rb": "eae823fcfb387ab3601794badad4bd62",
  "spec/functions/flatten_spec.rb": "6fb563c36daf40599a414c1f3af8dc0b",
  "spec/functions/floor_spec.rb": "7d110b1f994432e1c6c7c004a3dedbe4",
  "spec/functions/fqdn_rand_string_spec.rb": "2edaae1764df4d751684d8ceda7b9cda",
  "spec/functions/fqdn_rotate_spec.rb": "e9b1ce122788f18611cf64696d666328",
  "spec/functions/get_module_path_spec.rb": "ef22bd80ce5dedb069830d5aa10572c1",
  "spec/functions/getparam_spec.rb": "8fd26dbe9cf3f0f989968db151fba2be",
  "spec/functions/getvar_spec.rb": "f2b6de68826fdb70c97c35ac8f615f48",
  "spec/functions/grep_spec.rb": "b9d0722e7708351b0114c46d4272f760",
  "spec/functions/has_interface_with_spec.rb": "473c000e461c3497f8461eb17cf73430",
  "spec/functions/has_ip_address_spec.rb": "7b36b993ea32757e74be9909906bd165",
  "spec/functions/has_ip_network_spec.rb": "23021acd604dc4ca3a1fef62e8863d8e",
  "spec/functions/has_key_spec.rb": "6bc81bc7d179d4b680e7065a60b76562",
  "spec/functions/hash_spec.rb": "4519b75eeb8eb0bba80b4594c297cf5e",
  "spec/functions/intersection_spec.rb": "fcd475963335b3efee99c3ddd0ddd969",
  "spec/functions/is_a_spec.rb": "51b1f473786fbd1d723febf20281de23",
  "spec/functions/is_array_spec.rb": "26d7eab025f333d2c4a8baf89ef4e36e",
  "spec/functions/is_bool_spec.rb": "40569a4cdb50af0cc21ad749ac18e6ef",
  "spec/functions/is_domain_name_spec.rb": "4ea3825d5b77a5d75eab8228dcc738f9",
  "spec/functions/is_email_address_spec.rb": "699c4573dfd00db8993a18afc0eaf875",
  "spec/functions/is_float_spec.rb": "8aedd9e622cd1b861d99523532dc4fc1",
  "spec/functions/is_function_available.rb": "f8ab234d536532c3629ff6a5068e7877",
  "spec/functions/is_hash_spec.rb": "11563529f0f1f821769edb3131277100",
  "spec/functions/is_integer_spec.rb": "21a139f9a87b1561bfec60de26c435a2",
  "spec/functions/is_ip_address_spec.rb": "04a15328803bb47ae431eff63aa555df",
  "spec/functions/is_ipv4_address_spec.rb": "339b8c79925bb70c0de19468d58ab64a",
  "spec/functions/is_ipv6_address_spec.rb": "9743a0f2bfda70ace128d2f476a208b9",
  "spec/functions/is_mac_address_spec.rb": "748b7e3dffae6d4097da9cc29a37e94d",
  "spec/functions/is_numeric_spec.rb": "cb846f44e8f6d79161686d7b3729967c",
  "spec/functions/is_string_spec.rb": "56f34694781dfcf774e43bca06057fec",
  "spec/functions/join_keys_to_values_spec.rb": "d94b3c7de6565b8887098aa00148c8a5",
  "spec/functions/join_spec.rb": "2181956bf08efe90f932a17e5138a25c",
  "spec/functions/keys_spec.rb": "8a6772daf2ae821e98d392f5266fdf67",
  "spec/functions/load_module_metadata_spec.rb": "47058522f85cd337b9a8bf64332e6fd3",
  "spec/functions/loadjson_spec.rb": "51d89fdd4a21df91e7610e081096159d",
  "spec/functions/loadyaml_spec.rb": "b5c574a562ed5e0ac0f2dcbbcadb5922",
  "spec/functions/lstrip_spec.rb": "58644ca945b38ec8b3d8729423aacf69",
  "spec/functions/max_spec.rb": "47de8d59070d8d51b2184731f5d1aa43",
  "spec/functions/member_spec.rb": "02891f40caaca15a5aba43443c7d2ccb",
  "spec/functions/merge_spec.rb": "56297527d192640bbe82c7ccf1e39815",
  "spec/functions/min_spec.rb": "8b38e2a989912406cd2c57dcd3a460c4",
  "spec/functions/num2bool_spec.rb": "7c4fd30e41a11b1bd0d9e5233340f16b",
  "spec/functions/parsejson_spec.rb": "656300186e986725982595c262f7eccd",
  "spec/functions/parseyaml_spec.rb": "67b3be346368a2070535585a51bcd7c2",
  "spec/functions/pick_default_spec.rb": "bef7bb2f755e665775aa0085c6897fb2",
  "spec/functions/pick_spec.rb": "8fe02695ea909e993119254accc61f1a",
  "spec/functions/prefix_spec.rb": "95956321291a0f6d1e2f45572569fe3b",
  "spec/functions/private_spec.rb": "f404771c4590a0cd7ce61ddff8f3eb7b",
  "spec/functions/pw_hash_spec.rb": "640609cc73b4c8bbcdfc88c3e9797664",
  "spec/functions/range_spec.rb": "e73c3bb7f2c25540780c3bad19b30994",
  "spec/functions/regexpescape_spec.rb": "74b08b1f49db39228eae1e9dffcb00c9",
  "spec/functions/reject_spec.rb": "e0eb0546885dd0aef023dfa4694155db",
  "spec/functions/reverse_spec.rb": "cb48f198c2a9efe224a00d67e68d978f",
  "spec/functions/rstrip_spec.rb": "f0391a775d335e2a5c9335d50c657f4b",
  "spec/functions/seeded_rand_spec.rb": "d7d80c3458706e83a8087e17c8a7b6ab",
  "spec/functions/shell_escape_spec.rb": "516354927a87ea49dbdae154be7e925a",
  "spec/functions/shell_join_spec.rb": "f58c5a7bfec68a2d6602dc79453ac586",
  "spec/functions/shell_split_spec.rb": "7a29c6a49236e3c7da73ea28dd94be00",
  "spec/functions/shuffle_spec.rb": "6ab6083720cfd4dfa99556e5ef81f576",
  "spec/functions/size_spec.rb": "51495c464a203d9e1919008209f05cd5",
  "spec/functions/sort_spec.rb": "d9533dd37c6263b92895f7eba8485248",
  "spec/functions/squeeze_spec.rb": "549af334b7f9dd5f06d6b45c3e3e8303",
  "spec/functions/str2bool_spec.rb": "607b25fb0badd0da5acb86c63437c8be",
  "spec/functions/str2saltedsha512_spec.rb": "07586b0026757cd39229c12c7221808b",
  "spec/functions/strftime_spec.rb": "f1a34fc930940213abfba3095d5d8065",
  "spec/functions/strip_spec.rb": "0cb8537f2e7df14f42247349ab3161a6",
  "spec/functions/suffix_spec.rb": "65172f6879c902802230f718ea9df7da",
  "spec/functions/swapcase_spec.rb": "90bace1b004aa63d46eb6481c6dce2b1",
  "spec/functions/time_spec.rb": "6dc8f5b42cf89345d2de424bfe19be90",
  "spec/functions/to_bytes_spec.rb": "b771f8490d922de46a519e407d358139",
  "spec/functions/try_get_value_spec.rb": "b917b899f5d29764dd4b1b07e07ec6ce",
  "spec/functions/type3x_spec.rb": "eed4ce3a2bc92d14effedefef9690654",
  "spec/functions/type_of_spec.rb": "83755d9390b9c00e086a007edff7fd9b",
  "spec/functions/type_spec.rb": "7a61b4af7d3d83be590d783a7e5e80f8",
  "spec/functions/union_spec.rb": "089b03e9a6ef25cdcf68157bb986d8a8",
  "spec/functions/unique_spec.rb": "b793c531b4d227ae55d05a187b706fb8",
  "spec/functions/unix2dos_spec.rb": "628c8a0c608d1fa0dd09bd1b5af97c1f",
  "spec/functions/upcase_spec.rb": "4f0461a20c03d618f0c18da39bebcf65",
  "spec/functions/uriescape_spec.rb": "1458afbe7e7e11dcaad8d295a7f2be59",
  "spec/functions/validate_absolute_path_spec.rb": "5adbf0a0ac8b23e86195deaf3e4bd371",
  "spec/functions/validate_array_spec.rb": "3aa76f3731754c637acc94b59c79efb0",
  "spec/functions/validate_augeas_spec.rb": "d598e89a23912be9f24d39b809f30b47",
  "spec/functions/validate_bool_spec.rb": "d1b43cd294d0588ac6d67d5d3c77a42a",
  "spec/functions/validate_cmd_spec.rb": "05eb581532fc689ff91212413b2e678d",
  "spec/functions/validate_email_address_spec.rb": "1296f9934d102258091379ee07f9a2a8",
  "spec/functions/validate_hash_spec.rb": "0b3ac3f7262f13ef14e3df937c8d104c",
  "spec/functions/validate_integer_spec.rb": "ec55ab34e3ec4f09722349cd6aac77a6",
  "spec/functions/validate_ip_address_spec.rb": "ba8c92e30f1af9e6839a2901e002c3f3",
  "spec/functions/validate_ipv4_address_spec.rb": "d5d956651629f95ea531ac03b71e247b",
  "spec/functions/validate_ipv6_address_spec.rb": "6ea36d17568e1d25b2d45a0b51e6f6b1",
  "spec/functions/validate_legacy_spec.rb": "d51c5b1d377e7b7b66737a6f7f64fb52",
  "spec/functions/validate_numeric_spec.rb": "c2f01b9c9aeae75683563ef7d3951bbb",
  "spec/functions/validate_re_spec.rb": "27bcf99cd815b755548cd3979753b2f3",
  "spec/functions/validate_slength_spec.rb": "c292023b2e61298499ff1f791fc03005",
  "spec/functions/validate_string_spec.rb": "bc6735359ada0b3ccf69f515231e3808",
  "spec/functions/validate_x509_rsa_key_pair_spec.rb": "24810bdb8ac473ae1168f1b2c5708170",
  "spec/functions/values_at_spec.rb": "c318f66de43f8e6095d28f733f55ec5d",
  "spec/functions/values_spec.rb": "5550da71a69514f8be87a12b575d5228",
  "spec/functions/zip_spec.rb": "4c991f26985096b3e8b336cef528aa00",
  "spec/monkey_patches/alias_should_to_must.rb": "b19ee31563afb91a72f9869f9d7362ff",
  "spec/monkey_patches/publicize_methods.rb": "c690e444b77c871375d321e413e28ca1",
  "spec/spec_helper.rb": "b2db3bc02b4ac2fd5142a6621c641b07",
  "spec/spec_helper_acceptance.rb": "4ff813a78893b35f04b92b0db0908212",
  "spec/spec_helper_local.rb": "1e3ad3c06a11cbcb813dc1d31973cbda",
  "spec/support/shared_data.rb": "9758f8ba2958965d287387a2513dac73",
  "spec/unit/facter/facter_dot_d_spec.rb": "420339a544851f2c7ee6fa4c651bdce8",
  "spec/unit/facter/package_provider_spec.rb": "3a6ba799822fbcabc9adab5880260b7a",
  "spec/unit/facter/pe_version_spec.rb": "d0fa6c0d5b01a4b9fd36ed4168635e9f",
  "spec/unit/facter/root_home_spec.rb": "036c160d5543f4f3e80a300a3a170b77",
  "spec/unit/facter/service_provider_spec.rb": "a97efb411817a44c511cd6cd79d9af8c",
  "spec/unit/facter/util/puppet_settings_spec.rb": "6f9df9b10a1b39245ecdf002616a4122",
  "spec/unit/puppet/parser/functions/enclose_ipv6_spec.rb": "0145a78254ea716e5e7600d9464318a8",
  "spec/unit/puppet/parser/functions/is_absolute_path_spec.rb": "52f8d3b9011fb1fd8a2a429fe8b2ae08",
  "spec/unit/puppet/provider/file_line/ruby_spec.rb": "d269e18953fc297786a8393b20842abc",
  "spec/unit/puppet/type/anchor_spec.rb": "06a669dffa44d716bf19b4e7f5f1d75d",
  "spec/unit/puppet/type/file_line_spec.rb": "af824724caf0071d84464042490a6f88",
  "types/absolutepath.pp": "3ae6f48dd95835df87c5dacea13c88d2",
  "types/compat/absolute_path.pp": "6d0e102d1098d85d97c8f13051cb2c10",
  "types/compat/array.pp": "43c41022dd743d55c8e9e82ce3ed741c",
  "types/compat/bool.pp": "6e0cd7b2a7e1b9efaa0e273937211e58",
  "types/compat/float.pp": "fd134a0e0e1abd420cec2107780a7afa",
  "types/compat/integer.pp": "e85a20e42b3afaf5ec0718a8d9f9c5e3",
  "types/compat/ip_address.pp": "d42c7435de30a469a71b69c45d642da7",
  "types/compat/ipv4.pp": "c84eb3764f45b256a09be68afe61b749",
  "types/compat/ipv6.pp": "7a0da0f553e43e03901b0c94c4ba934b",
  "types/compat/numeric.pp": "f864539d78e95dabf0bab361b4ccc042",
  "types/compat/re.pp": "70b05d4697e61f9af0c212ba063f395d",
  "types/compat/string.pp": "b9a179664c85e121aa0277021627d126",
  "types/httpsurl.pp": "108225d0273e17d541b239882287ed15",
  "types/httpurl.pp": "4ba64825b11af75997c59b5acf07c62d",
  "types/unixpath.pp": "20b1f9301026a2ec3bc6166a2b3613d8",
  "types/windowspath.pp": "4c1eda331ecb43de98c29ed22d0ad448"
}